id,first_name,last_name,email,gender,ip_address
1,Bonnee,Hucklesby,bhucklesby0@wix.com,Female,66.59.32.255
2,Salvidor,Gaffer,sgaffer1@chronoengine.com,Male,15.135.243.68
3,Kingsley,Luckie,kluckie2@comsenz.com,Male,23.8.170.247
4,Corbet,Syred,csyred3@icq.com,Male,122.43.74.115
5,Markus,Bediss,mbediss4@google.cn,Male,170.106.25.255
6,Launce,Tancock,ltancock5@sciencedirect.com,Male,130.89.81.229
7,Emilie,Pedracci,epedracci6@tiny.cc,Female,50.87.30.163
8,Lisette,Summerlee,lsummerlee7@google.pl,Female,139.115.166.160
9,Edyth,Fritchly,efritchly8@reference.com,Female,72.225.59.10
10,Hammad,Kohnemann,hkohnemann9@wiley.com,Male,131.227.193.44
11,Christel,Gulc,cgulca@dion.ne.jp,Female,226.56.128.235
12,Ileana,Venable,ivenableb@dailymail.co.uk,Female,109.74.175.77
13,Paula,Spore,psporec@cargocollective.com,Female,231.32.245.4
14,Efrem,Clows,eclowsd@phpbb.com,Male,81.54.13.26
15,Eli,Blitz,eblitze@deliciousdays.com,Male,180.151.1.139
16,Wally,Grimwood,wgrimwoodf@hud.gov,Male,145.173.79.206
17,Christoper,Blanning,cblanningg@so-net.ne.jp,Male,76.108.72.165
18,Carce,Pear,cpearh@booking.com,Male,59.42.236.174
19,June,Degoy,jdegoyi@epa.gov,Female,40.20.162.103
20,Glendon,Arthars,gartharsj@cloudflare.com,Male,9.59.115.250
21,Algernon,Chesnay,achesnayk@tmall.com,Male,95.216.46.195
22,Juana,Probbin,jprobbinl@cnbc.com,Female,162.47.211.147
23,Estrella,Geelan,egeelanm@symantec.com,Female,96.127.183.163
24,Don,Widger,dwidgern@boston.com,Male,129.55.30.188
25,Dodie,McCorkell,dmccorkello@ovh.net,Female,172.137.30.13
26,Yves,Louw,ylouwp@amazon.de,Male,153.240.77.100
27,Millisent,Ashpole,mashpoleq@unicef.org,Female,166.244.122.170
28,Jackson,Fairley,jfairleyr@storify.com,Male,196.73.83.120
29,Rubin,Ortelt,rortelts@sbwire.com,Male,35.216.26.126
30,Penny,Youster,pyoustert@tripod.com,Male,91.136.253.148
31,Padriac,Dollen,pdollenu@elegantthemes.com,Male,224.26.84.239
32,Carlyn,McGorman,cmcgormanv@blinklist.com,Female,88.45.173.93
33,Arabella,Egglestone,aegglestonew@amazon.de,Female,246.83.251.96
34,Anderson,Bebbington,abebbingtonx@issuu.com,Male,80.161.161.144
35,Mariam,Harcarse,mharcarsey@xrea.com,Female,141.209.94.116
36,Harlene,Batchelar,hbatchelarz@ucla.edu,Female,3.99.79.56
37,Davie,Wallworth,dwallworth10@is.gd,Male,37.176.71.131
38,Morse,Olorenshaw,molorenshaw11@sciencedaily.com,Male,202.6.147.20
39,Jyoti,Kaming,jkaming12@marketwatch.com,Female,18.37.112.99
40,Emelyne,Harget,eharget13@wp.com,Female,200.3.76.157
41,Cassius,De Luna,cdeluna14@dion.ne.jp,Male,190.254.156.35
42,Pearl,Copnar,pcopnar15@wp.com,Female,139.215.239.171
43,Mackenzie,Doughtery,mdoughtery16@ebay.com,Male,37.79.43.177
44,Harvey,Hearnshaw,hhearnshaw17@jigsy.com,Male,13.82.159.130
45,Delmor,Boylin,dboylin18@exblog.jp,Male,254.239.16.161
46,Brina,Assender,bassender19@imdb.com,Female,156.66.16.12
47,Dion,Russilll,drussilll1a@icq.com,Female,16.79.96.124
48,Warde,Duckinfield,wduckinfield1b@facebook.com,Male,43.93.123.46
49,Elita,Churcher,echurcher1c@comsenz.com,Female,73.232.72.148
50,Les,Hovert,lhovert1d@craigslist.org,Male,27.192.83.226
51,Cybill,Tertre,ctertre1e@dedecms.com,Female,7.174.219.6
52,Aube,Kille,akille1f@xing.com,Male,102.120.150.253
53,Birdie,Godbald,bgodbald1g@walmart.com,Female,41.149.215.144
54,Rawley,Albone,ralbone1h@salon.com,Male,206.83.163.129
55,Saraann,Hebble,shebble1i@webnode.com,Female,69.94.246.100
56,Carter,Trewhella,ctrewhella1j@npr.org,Male,32.42.36.108
57,Sheeree,Gellibrand,sgellibrand1k@nyu.edu,Female,227.243.97.184
58,Dee dee,Brandli,dbrandli1l@wunderground.com,Female,176.196.138.97
59,Lin,Standingford,lstandingford1m@timesonline.co.uk,Male,213.94.154.30
60,Cariotta,Sybbe,csybbe1n@wunderground.com,Female,123.228.85.76
61,Berri,Crebo,bcrebo1o@wisc.edu,Female,76.176.58.49
62,Chancey,Michelmore,cmichelmore1p@issuu.com,Male,103.133.137.170
63,Palmer,Caple,pcaple1q@amazonaws.com,Male,29.114.246.249
64,Jorge,Camocke,jcamocke1r@wikimedia.org,Male,227.1.1.147
65,Nichole,Checci,nchecci1s@altervista.org,Female,220.0.195.34
66,Dalenna,Thurske,dthurske1t@soup.io,Female,189.151.118.84
67,Bird,Jobke,bjobke1u@blogspot.com,Female,186.117.183.30
68,Shanna,Proppers,sproppers1v@paginegialle.it,Female,235.230.102.205
69,Flor,Sleicht,fsleicht1w@squidoo.com,Female,221.49.46.160
70,Erminia,Haldenby,ehaldenby1x@princeton.edu,Female,149.183.75.120
71,Jefferson,Risen,jrisen1y@liveinternet.ru,Male,38.158.66.234
72,Jerad,Stanwix,jstanwix1z@facebook.com,Male,227.193.120.234
73,Oralla,Worg,oworg20@mayoclinic.com,Female,168.110.51.176
74,Cassondra,Camock,ccamock21@go.com,Female,255.208.24.247
75,Sharity,O'Dowgaine,sodowgaine22@google.pl,Female,131.142.110.26
76,Dorotea,Grumble,dgrumble23@artisteer.com,Female,127.207.60.49
77,Bartolemo,Bohman,bbohman24@usda.gov,Male,126.253.63.26
78,Greggory,Marjanski,gmarjanski25@chronoengine.com,Male,65.41.184.0
79,Avril,Begwell,abegwell26@state.tx.us,Female,212.181.49.236
80,Kathleen,Gieves,kgieves27@latimes.com,Female,39.162.31.120
81,Lynde,Looney,llooney28@scientificamerican.com,Female,152.60.212.31
82,Liam,Frome,lfrome29@cloudflare.com,Male,52.72.249.247
83,Tasia,Ockleshaw,tockleshaw2a@ftc.gov,Female,16.10.169.117
84,Haydon,Dawid,hdawid2b@dagondesign.com,Male,242.167.71.106
85,Zoe,Gilliat,zgilliat2c@mayoclinic.com,Female,106.60.87.206
86,Hyacinthe,Baulcombe,hbaulcombe2d@w3.org,Female,24.197.181.124
87,Aharon,Scoble,ascoble2e@berkeley.edu,Male,199.195.140.58
88,Shantee,Aizikowitz,saizikowitz2f@privacy.gov.au,Female,216.18.61.88
89,Renee,Ellerby,rellerby2g@posterous.com,Female,29.19.66.216
90,Jdavie,MacInnes,jmacinnes2h@mlb.com,Male,234.23.99.52
91,Sayer,Fynn,sfynn2i@latimes.com,Male,30.112.143.55
92,Granthem,Shurman,gshurman2j@mashable.com,Male,163.198.68.34
93,Darbee,Howse,dhowse2k@prlog.org,Male,94.44.19.123
94,Alison,Orhtmann,aorhtmann2l@comsenz.com,Female,112.246.228.145
95,Dolley,Malone,dmalone2m@earthlink.net,Female,109.238.61.69
96,Karyl,Culy,kculy2n@ed.gov,Female,106.207.74.146
97,Magnum,Keneford,mkeneford2o@china.com.cn,Male,14.108.54.46
98,Kristi,Roycroft,kroycroft2p@spiegel.de,Female,97.216.192.148
99,Lazarus,Carman,lcarman2q@japanpost.jp,Male,100.74.225.242
100,Ray,Grainger,rgrainger2r@epa.gov,Male,30.45.20.101
101,Lorette,Hayhurst,lhayhurst2s@mac.com,Female,21.31.11.156
102,Toddie,Gutch,tgutch2t@spotify.com,Male,214.169.88.170
103,Birdie,Vankeev,bvankeev2u@nifty.com,Female,15.144.238.58
104,Catina,Dalman,cdalman2v@hexun.com,Female,17.51.217.100
105,Traver,Bettesworth,tbettesworth2w@oracle.com,Male,111.198.136.137
106,Obadiah,Bafford,obafford2x@ca.gov,Male,70.176.69.152
107,Kitty,Kennett,kkennett2y@craigslist.org,Female,22.143.145.96
108,Tadeo,Elizabeth,telizabeth2z@who.int,Male,252.60.16.169
109,Harmonia,Minghella,hminghella30@opera.com,Female,177.135.209.111
110,Laurice,Stratley,lstratley31@hostgator.com,Female,2.27.92.62
111,Dael,Drewet,ddrewet32@marketwatch.com,Male,235.206.196.8
112,Adara,Parvin,aparvin33@google.fr,Female,234.99.147.100
113,Donnamarie,Clynter,dclynter34@weebly.com,Female,134.122.36.224
114,Shaina,Soreau,ssoreau35@constantcontact.com,Female,245.15.227.99
115,Emmalynne,Palek,epalek36@cargocollective.com,Female,103.53.109.238
116,Upton,Barnett,ubarnett37@skyrock.com,Male,159.176.121.203
117,Andie,Lochet,alochet38@twitter.com,Male,58.122.7.170
118,Carolus,Jonczyk,cjonczyk39@msn.com,Male,72.69.80.214
119,Gilburt,Frickey,gfrickey3a@dion.ne.jp,Male,124.241.165.247
120,Aldrich,Reavell,areavell3b@opera.com,Male,42.248.140.209
121,Maddie,Benninger,mbenninger3c@oaic.gov.au,Male,104.90.201.208
122,Buddy,Angless,bangless3d@yahoo.co.jp,Male,0.125.183.15
123,Donica,Gilder,dgilder3e@sourceforge.net,Female,60.66.71.160
124,Riki,Booth-Jarvis,rboothjarvis3f@tripod.com,Female,23.34.44.2
125,Egor,Amies,eamies3g@time.com,Male,23.196.7.230
126,Shalom,Dewhirst,sdewhirst3h@china.com.cn,Male,143.165.0.11
127,Rubie,Venditti,rvenditti3i@w3.org,Female,1.147.21.130
128,Darill,McCole,dmccole3j@weebly.com,Male,124.19.219.43
129,Daryn,Yanshin,dyanshin3k@ycombinator.com,Female,20.104.95.177
130,Rosana,Simeon,rsimeon3l@flickr.com,Female,156.60.28.238
131,Avril,Tilburn,atilburn3m@spotify.com,Female,229.165.255.198
132,Rawley,Flay,rflay3n@shop-pro.jp,Male,142.26.75.179
133,Ingaberg,Ledeker,iledeker3o@hostgator.com,Female,21.201.146.73
134,Alvan,Haborn,ahaborn3p@economist.com,Male,160.112.215.179
135,Rosaleen,Kenan,rkenan3q@symantec.com,Female,195.68.186.151
136,Art,Buttfield,abuttfield3r@va.gov,Male,71.206.159.182
137,Rusty,McIlraith,rmcilraith3s@sciencedirect.com,Male,216.93.195.189
138,Marita,Scorrer,mscorrer3t@acquirethisname.com,Female,46.133.88.16
139,Logan,Getcliffe,lgetcliffe3u@taobao.com,Male,176.158.253.131
140,Kessia,Holbie,kholbie3v@chronoengine.com,Female,137.165.98.186
141,Laina,Stebbin,lstebbin3w@wikipedia.org,Female,12.130.155.201
142,Camila,Roderham,croderham3x@reuters.com,Female,115.1.24.234
143,Una,Bruford,ubruford3y@devhub.com,Female,122.1.78.188
144,Malina,Hordle,mhordle3z@vimeo.com,Female,215.145.27.119
145,Mirna,Cardo,mcardo40@chicagotribune.com,Female,29.23.213.125
146,Keelby,Skeat,kskeat41@wufoo.com,Male,239.255.92.229
147,Sawyer,Byram,sbyram42@google.com.hk,Male,31.159.62.175
148,Aluino,Codrington,acodrington43@csmonitor.com,Male,248.173.217.30
149,Benn,Fricker,bfricker44@netscape.com,Male,191.5.102.50
150,Nita,O'Leagham,noleagham45@bbc.co.uk,Female,251.187.217.205
151,Mendie,Gorling,mgorling46@mayoclinic.com,Male,86.85.33.244
152,Ingra,Bartlosz,ibartlosz47@geocities.jp,Male,104.75.234.66
153,Elayne,Bate,ebate48@unesco.org,Female,167.30.193.68
154,Hedi,Kyneton,hkyneton49@apple.com,Female,222.3.250.250
155,Lolita,Baggiani,lbaggiani4a@ebay.co.uk,Female,38.130.57.206
156,Gerrie,Chaddock,gchaddock4b@soundcloud.com,Female,27.217.107.38
157,Drona,Petyanin,dpetyanin4c@etsy.com,Female,22.94.90.164
158,Britt,Cloutt,bcloutt4d@etsy.com,Female,255.207.82.198
159,Jackie,Randales,jrandales4e@cam.ac.uk,Male,202.38.200.1
160,Elton,Muehle,emuehle4f@sakura.ne.jp,Male,244.24.3.137
161,Curtice,Greening,cgreening4g@nba.com,Male,8.139.228.48
162,Lannie,Barnwill,lbarnwill4h@dell.com,Male,82.143.255.211
163,Gardner,Yoakley,gyoakley4i@php.net,Male,174.106.153.148
164,Jemima,Hadny,jhadny4j@ifeng.com,Female,148.149.108.87
165,Ruperto,Payton,rpayton4k@time.com,Male,161.196.210.150
166,Nomi,Paddeley,npaddeley4l@walmart.com,Female,53.164.128.35
167,Dante,Sidlow,dsidlow4m@smugmug.com,Male,19.105.115.84
168,Shurlocke,Rabson,srabson4n@sitemeter.com,Male,75.42.129.161
169,Joana,Diviney,jdiviney4o@mlb.com,Female,95.167.207.161
170,Shirlene,Loyley,sloyley4p@woothemes.com,Female,30.172.183.124
171,Daphene,Keuneke,dkeuneke4q@amazon.co.uk,Female,0.30.173.118
172,Waite,Dufore,wdufore4r@quantcast.com,Male,108.35.125.69
173,Arlin,Kitt,akitt4s@digg.com,Male,97.43.69.219
174,Torey,Devo,tdevo4t@wikia.com,Male,237.115.95.62
175,Stirling,Jullian,sjullian4u@patch.com,Male,55.162.40.98
176,Rakel,Savins,rsavins4v@blinklist.com,Female,232.115.220.212
177,Garth,Mugg,gmugg4w@phpbb.com,Male,207.95.180.211
178,Lyman,Mc Coughan,lmccoughan4x@vk.com,Male,98.53.60.223
179,Prudy,Patley,ppatley4y@soundcloud.com,Female,86.196.165.129
180,Sissy,Rajchert,srajchert4z@netvibes.com,Female,208.38.51.168
181,Shirlee,Berthelmot,sberthelmot50@archive.org,Female,40.129.190.51
182,Pandora,Jaggli,pjaggli51@last.fm,Female,244.221.78.220
183,Susanetta,Gimbrett,sgimbrett52@meetup.com,Female,6.96.209.92
184,Elinore,Hourihan,ehourihan53@artisteer.com,Female,9.100.239.153
185,Trenton,McQuirk,tmcquirk54@oracle.com,Male,191.67.10.132
186,Broddie,Seacombe,bseacombe55@microsoft.com,Male,180.245.249.105
187,Linn,Thornthwaite,lthornthwaite56@lycos.com,Male,167.65.137.187
188,Artair,Lechelle,alechelle57@cafepress.com,Male,194.61.116.205
189,Addie,Stoke,astoke58@odnoklassniki.ru,Male,42.132.98.245
190,Tripp,Norwell,tnorwell59@businesswire.com,Male,153.205.12.133
191,Pernell,Cram,pcram5a@quantcast.com,Male,179.234.4.26
192,Earlie,Calcott,ecalcott5b@fastcompany.com,Male,52.191.228.81
193,Andie,Acum,aacum5c@bluehost.com,Female,105.0.63.113
194,Emmery,Rowthorne,erowthorne5d@parallels.com,Male,221.228.183.51
195,Robbi,Ugolini,rugolini5e@chicagotribune.com,Female,17.110.52.57
196,Had,MacDearmont,hmacdearmont5f@oracle.com,Male,103.120.184.84
197,Stevy,Gowthrop,sgowthrop5g@webnode.com,Male,12.41.166.179
198,Elyssa,Stonbridge,estonbridge5h@google.fr,Female,161.181.20.76
199,Elton,Lilbourne,elilbourne5i@nytimes.com,Male,2.86.237.97
200,Ursola,Coverley,ucoverley5j@acquirethisname.com,Female,79.242.44.25
201,Guthrey,Dishmon,gdishmon5k@goo.ne.jp,Male,246.157.82.17
202,Lorrie,Groger,lgroger5l@networksolutions.com,Male,122.49.41.243
203,Alysa,Hugues,ahugues5m@themeforest.net,Female,31.155.47.222
204,Geordie,McCarron,gmccarron5n@t.co,Male,213.130.143.227
205,Gerda,Abelwhite,gabelwhite5o@seesaa.net,Female,101.242.244.104
206,Arny,Kennler,akennler5p@icq.com,Male,65.116.48.28
207,Hinze,Hasling,hhasling5q@simplemachines.org,Male,130.80.214.162
208,Gaylor,Deeth,gdeeth5r@latimes.com,Male,176.195.62.224
209,Chloe,Tulip,ctulip5s@smugmug.com,Female,252.131.120.55
210,Tania,Pursehouse,tpursehouse5t@senate.gov,Female,142.129.49.48
211,Mortimer,Juschka,mjuschka5u@hugedomains.com,Male,207.9.153.217
212,Mervin,Demangeot,mdemangeot5v@booking.com,Male,244.109.124.241
213,Dorothy,Raft,draft5w@angelfire.com,Female,110.138.115.46
214,Alvin,Poynton,apoynton5x@ihg.com,Male,30.36.62.247
215,Tyrone,Brimicombe,tbrimicombe5y@naver.com,Male,118.65.200.52
216,Palmer,Dearnaly,pdearnaly5z@guardian.co.uk,Male,223.221.117.83
217,Harald,Gosby,hgosby60@vistaprint.com,Male,109.0.16.157
218,Eilis,McLurg,emclurg61@bloglovin.com,Female,160.107.148.18
219,Stillmann,Salvadore,ssalvadore62@mashable.com,Male,28.158.126.57
220,Halie,Trevino,htrevino63@purevolume.com,Female,105.163.216.104
221,Becki,Coytes,bcoytes64@csmonitor.com,Female,46.204.61.222
222,Traci,Tomsu,ttomsu65@dailymotion.com,Female,71.54.21.3
223,Andres,McPhelim,amcphelim66@theatlantic.com,Male,27.231.247.189
224,Rivalee,Allerton,rallerton67@nasa.gov,Female,16.125.40.90
225,Clarine,Bulbrook,cbulbrook68@youtu.be,Female,21.249.105.176
226,Ryan,Kippax,rkippax69@mit.edu,Male,179.57.157.112
227,Susan,Byas,sbyas6a@indiegogo.com,Female,219.115.91.18
228,Gardner,Jobbings,gjobbings6b@bloglovin.com,Male,74.48.44.57
229,Orly,Jurasz,ojurasz6c@last.fm,Female,121.19.13.223
230,Clayborn,Elan,celan6d@telegraph.co.uk,Male,149.132.176.71
231,Jeno,Orgee,jorgee6e@gizmodo.com,Male,172.221.220.208
232,Addy,Bewlie,abewlie6f@yellowpages.com,Female,204.137.127.167
233,Otes,Gilardoni,ogilardoni6g@flavors.me,Male,137.65.109.247
234,Harlin,Giraudat,hgiraudat6h@ow.ly,Male,23.78.142.169
235,Felita,Bittany,fbittany6i@godaddy.com,Female,52.114.168.242
236,Ardeen,Winchester,awinchester6j@springer.com,Female,41.10.43.39
237,Donnie,Harcus,dharcus6k@hugedomains.com,Male,16.53.143.229
238,Gertie,Thomason,gthomason6l@nifty.com,Female,184.155.66.160
239,Etan,Barthorpe,ebarthorpe6m@tuttocitta.it,Male,87.79.22.185
240,Damien,Thurnham,dthurnham6n@ycombinator.com,Male,117.82.183.51
241,Cherianne,Bellam,cbellam6o@creativecommons.org,Female,246.219.69.200
242,Lindon,Kulver,lkulver6p@nymag.com,Male,114.112.208.174
243,Bella,Flobert,bflobert6q@moonfruit.com,Female,126.32.111.183
244,Elset,Burcher,eburcher6r@sourceforge.net,Female,9.107.109.78
245,Kalil,Fentem,kfentem6s@cafepress.com,Male,251.152.154.159
246,Danice,Fullwood,dfullwood6t@census.gov,Female,215.121.46.113
247,Tam,Craighead,tcraighead6u@cnn.com,Male,85.164.52.208
248,Elihu,Le Fevre,elefevre6v@umich.edu,Male,117.146.219.47
249,Brett,Sainte Paul,bsaintepaul6w@soundcloud.com,Male,116.252.208.192
250,Gonzales,Dyter,gdyter6x@reverbnation.com,Male,81.222.85.95
251,Eb,Ridsdole,eridsdole6y@army.mil,Male,201.149.26.11
252,Sandro,Popescu,spopescu6z@fema.gov,Male,171.17.37.185
253,Catlin,Christian,cchristian70@yelp.com,Female,251.149.175.169
254,Oates,Muzzall,omuzzall71@instagram.com,Male,218.244.219.155
255,Murry,McCerery,mmccerery72@amazon.co.jp,Male,103.118.2.154
256,Magdaia,Shugg,mshugg73@parallels.com,Female,191.194.230.10
257,Birk,Ferencz,bferencz74@free.fr,Male,213.242.126.208
258,Frants,Holdren,fholdren75@aboutads.info,Male,228.255.72.119
259,Ruddie,Snartt,rsnartt76@hostgator.com,Male,58.250.24.67
260,Coraline,Janata,cjanata77@drupal.org,Female,71.162.56.249
261,Weylin,Lenchenko,wlenchenko78@hugedomains.com,Male,3.163.155.223
262,Carleton,Gaye,cgaye79@angelfire.com,Male,113.0.93.211
263,Melita,Gocke,mgocke7a@homestead.com,Female,211.169.183.190
264,Barnie,Busek,bbusek7b@redcross.org,Male,224.147.210.161
265,Sayer,Spavon,sspavon7c@cnn.com,Male,223.224.71.16
266,Rollie,Mathiot,rmathiot7d@slashdot.org,Male,163.203.206.242
267,Lawton,Hulkes,lhulkes7e@dell.com,Male,4.10.169.76
268,Dilly,O'Concannon,doconcannon7f@ihg.com,Male,148.122.206.159
269,Tammy,Volett,tvolett7g@angelfire.com,Female,213.76.242.166
270,Devlen,Bleythin,dbleythin7h@spotify.com,Male,183.226.63.148
271,Gwynne,Merrifield,gmerrifield7i@dailymail.co.uk,Female,11.234.136.93
272,Birdie,Robb,brobb7j@indiatimes.com,Female,210.205.32.21
273,Rockwell,Ellerman,rellerman7k@tripod.com,Male,144.18.177.56
274,Celia,Rochford,crochford7l@typepad.com,Female,215.89.43.242
275,Leonelle,Mantha,lmantha7m@moonfruit.com,Female,195.171.246.58
276,Graig,Hansana,ghansana7n@irs.gov,Male,105.96.129.94
277,Erv,Natalie,enatalie7o@yelp.com,Male,88.224.56.130
278,Rosalie,Gribbell,rgribbell7p@comcast.net,Female,232.117.70.103
279,Roseann,Symmons,rsymmons7q@amazon.com,Female,153.162.71.237
280,Delphine,Mountain,dmountain7r@gizmodo.com,Female,106.162.86.151
281,Blaine,Drought,bdrought7s@hao123.com,Male,54.207.164.66
282,Gradey,Kinton,gkinton7t@nhs.uk,Male,189.199.63.193
283,Penn,Foard,pfoard7u@stanford.edu,Male,204.240.190.152
284,Dyane,Noonan,dnoonan7v@businessweek.com,Female,45.217.166.174
285,Simone,Blacktin,sblacktin7w@printfriendly.com,Male,25.235.35.234
286,Devinne,MacGowing,dmacgowing7x@google.co.jp,Female,186.26.170.166
287,Dinah,Godfree,dgodfree7y@deliciousdays.com,Female,140.232.207.3
288,Elizabet,Pibsworth,epibsworth7z@tripadvisor.com,Female,135.230.198.249
289,Adan,Osgodby,aosgodby80@reuters.com,Female,50.113.209.52
290,Gal,Crowdace,gcrowdace81@arizona.edu,Male,102.92.146.132
291,Dewain,Brugh,dbrugh82@go.com,Male,59.218.163.100
292,Stevana,Morena,smorena83@eepurl.com,Female,233.211.192.11
293,Vera,Kingswood,vkingswood84@auda.org.au,Female,76.197.228.142
294,Sutton,Coultass,scoultass85@pbs.org,Male,127.28.123.0
295,Cary,Clemanceau,cclemanceau86@nymag.com,Female,32.252.26.63
296,Prentice,Teacy,pteacy87@delicious.com,Male,216.39.207.100
297,Raquela,Strick,rstrick88@google.com,Female,81.189.142.191
298,Izabel,Healey,ihealey89@dot.gov,Female,199.56.211.80
299,Xena,Fowell,xfowell8a@economist.com,Female,15.31.125.245
300,Phyllys,Christophersen,pchristophersen8b@w3.org,Female,72.131.145.7
301,Modesta,Danet,mdanet8c@drupal.org,Female,27.224.230.157
302,Ara,Scraggs,ascraggs8d@list-manage.com,Male,121.82.115.70
303,Flynn,McCaskill,fmccaskill8e@hud.gov,Male,95.17.97.241
304,Auguste,Goodere,agoodere8f@freewebs.com,Female,112.20.8.250
305,Fernando,Shavel,fshavel8g@photobucket.com,Male,7.89.135.211
306,Sinclair,Crocroft,scrocroft8h@umn.edu,Male,87.233.165.202
307,Vasilis,Brogan,vbrogan8i@newyorker.com,Male,58.172.155.10
308,Denney,Blunsden,dblunsden8j@sitemeter.com,Male,193.21.189.76
309,Joya,Jewkes,jjewkes8k@fda.gov,Female,203.166.29.20
310,Tanny,Krystof,tkrystof8l@utexas.edu,Male,137.94.65.93
311,Leicester,Sobieski,lsobieski8m@harvard.edu,Male,232.144.133.150
312,Colan,Erskine Sandys,cerskinesandys8n@symantec.com,Male,12.198.140.246
313,Darsey,Pettet,dpettet8o@ocn.ne.jp,Female,245.245.38.32
314,Candie,Lidgey,clidgey8p@ed.gov,Female,202.25.116.186
315,Ainslee,Gallandre,agallandre8q@jiathis.com,Female,125.44.214.109
316,Hyacinthia,Tudgay,htudgay8r@oaic.gov.au,Female,37.170.189.75
317,Abbot,Hackley,ahackley8s@quantcast.com,Male,211.236.244.218
318,Edita,Wreiford,ewreiford8t@hibu.com,Female,40.229.90.26
319,Edvard,Steffan,esteffan8u@umn.edu,Male,239.234.50.92
320,Alexio,Hucks,ahucks8v@e-recht24.de,Male,119.233.9.71
321,Clarisse,Ordidge,cordidge8w@tamu.edu,Female,47.10.229.97
322,Rafaela,Presswell,rpresswell8x@adobe.com,Female,206.240.108.52
323,Enriqueta,Iwanczyk,eiwanczyk8y@hibu.com,Female,106.216.241.105
324,Becki,Brimacombe,bbrimacombe8z@google.co.uk,Female,117.59.26.188
325,Shane,Drought,sdrought90@prlog.org,Female,72.71.222.12
326,Camille,Scammell,cscammell91@bing.com,Female,119.76.117.70
327,Steffen,Dawe,sdawe92@aol.com,Male,210.38.20.247
328,Goraud,Saffran,gsaffran93@yahoo.co.jp,Male,130.24.154.150
329,Sutherland,Sauvain,ssauvain94@cmu.edu,Male,65.55.33.139
330,Myles,Finlaison,mfinlaison95@topsy.com,Male,185.233.234.197
331,Lia,Netley,lnetley96@state.tx.us,Female,236.200.116.21
332,Karrie,Raisher,kraisher97@bigcartel.com,Female,108.46.7.218
333,Lydie,Blois,lblois98@oracle.com,Female,44.184.179.206
334,Lucas,Loachhead,lloachhead99@microsoft.com,Male,170.117.253.163
335,Hunfredo,Pechan,hpechan9a@multiply.com,Male,156.233.174.207
336,Kalvin,Goodbar,kgoodbar9b@ezinearticles.com,Male,20.40.115.107
337,Gaylord,Shapiro,gshapiro9c@amazonaws.com,Male,87.168.180.51
338,Jamill,Ioannidis,jioannidis9d@ameblo.jp,Male,214.48.133.203
339,Halimeda,Caldayrou,hcaldayrou9e@msn.com,Female,49.226.93.165
340,Jaclyn,Bairstow,jbairstow9f@irs.gov,Female,237.169.85.121
341,Rafaela,Palombi,rpalombi9g@cafepress.com,Female,164.58.255.14
342,Gabie,Whyteman,gwhyteman9h@fda.gov,Female,34.138.185.24
343,Gisella,Canas,gcanas9i@boston.com,Female,63.194.35.2
344,Herb,Easter,heaster9j@npr.org,Male,207.16.1.8
345,Vivian,Matthis,vmatthis9k@dell.com,Female,222.125.101.11
346,Jammal,Ibeson,jibeson9l@ihg.com,Male,95.38.63.136
347,Giles,Bapty,gbapty9m@newsvine.com,Male,16.238.101.134
348,Quentin,McAmish,qmcamish9n@nyu.edu,Female,219.76.17.181
349,Vidovik,Wenderott,vwenderott9o@i2i.jp,Male,204.50.10.87
350,Prescott,Cotherill,pcotherill9p@va.gov,Male,89.214.233.29
351,Ninette,Reilinger,nreilinger9q@cyberchimps.com,Female,73.202.166.194
352,Reider,Lawrey,rlawrey9r@globo.com,Male,172.131.146.243
353,Ellwood,Babonau,ebabonau9s@macromedia.com,Male,201.149.144.144
354,Anet,Druhan,adruhan9t@samsung.com,Female,147.78.134.55
355,Wendeline,McGarel,wmcgarel9u@virginia.edu,Female,186.108.251.184
356,Reina,Camilletti,rcamilletti9v@webeden.co.uk,Female,27.50.229.1
357,Loni,Linfoot,llinfoot9w@marketwatch.com,Female,254.223.158.43
358,Cookie,Singyard,csingyard9x@digg.com,Female,241.83.234.219
359,Drucill,Barkhouse,dbarkhouse9y@sfgate.com,Female,95.79.99.105
360,Alexandr,Stevens,astevens9z@craigslist.org,Male,167.207.93.232
361,Madel,Glenwright,mglenwrighta0@businessweek.com,Female,75.31.94.65
362,Mame,Seeking,mseekinga1@wisc.edu,Female,171.188.58.59
363,Deane,Magee,dmageea2@taobao.com,Female,142.240.2.52
364,Julita,Choulerton,jchoulertona3@163.com,Female,246.153.143.44
365,Bartholomew,Bampkin,bbampkina4@about.me,Male,54.217.88.103
366,Gigi,Cornbell,gcornbella5@mtv.com,Female,130.142.204.1
367,Chen,Wimpenny,cwimpennya6@printfriendly.com,Male,253.215.212.6
368,Dore,Stalman,dstalmana7@cbsnews.com,Female,46.76.165.239
369,Kerrie,Yewen,kyewena8@flavors.me,Female,235.172.36.119
370,Hubie,Levensky,hlevenskya9@foxnews.com,Male,220.54.203.214
371,Lurette,Hirsthouse,lhirsthouseaa@rakuten.co.jp,Female,215.213.155.117
372,Judie,Hyatt,jhyattab@vkontakte.ru,Female,22.196.193.91
373,Klaus,Digg,kdiggac@dagondesign.com,Male,225.109.144.165
374,Meier,Cromie,mcromiead@reverbnation.com,Male,237.97.204.52
375,Engelbert,Heakey,eheakeyae@nsw.gov.au,Male,45.223.180.219
376,Adelina,Greystock,agreystockaf@vk.com,Female,93.10.18.135
377,Cynde,Wozencraft,cwozencraftag@phpbb.com,Female,97.243.21.110
378,Marylinda,Feeham,mfeehamah@livejournal.com,Female,9.88.39.228
379,Rudolfo,Portman,rportmanai@symantec.com,Male,164.178.115.34
380,Melvin,Biddulph,mbiddulphaj@cnn.com,Male,84.187.87.4
381,Elnora,Palfrey,epalfreyak@salon.com,Female,75.78.37.239
382,Ollie,Smallpeice,osmallpeiceal@bigcartel.com,Female,202.203.252.163
383,Shanan,Swindin,sswindinam@youtu.be,Male,177.193.12.237
384,Royal,Gorhardt,rgorhardtan@sakura.ne.jp,Male,145.50.122.207
385,Padgett,Treat,ptreatao@naver.com,Male,103.137.158.138
386,Bianca,Beebis,bbeebisap@cdbaby.com,Female,181.17.123.111
387,Timi,Fettis,tfettisaq@ed.gov,Female,190.180.138.181
388,Cletis,Audrey,caudreyar@istockphoto.com,Male,125.96.121.218
389,Karoline,Murby,kmurbyas@deliciousdays.com,Female,206.68.189.99
390,Burk,Airdrie,bairdrieat@oakley.com,Male,48.202.43.204
391,Hugibert,Stubley,hstubleyau@ustream.tv,Male,191.65.189.93
392,Leola,Godilington,lgodilingtonav@hatena.ne.jp,Female,178.57.39.149
393,Stewart,Lawful,slawfulaw@scribd.com,Male,243.15.104.239
394,Amory,Grzegorzewski,agrzegorzewskiax@amazon.de,Male,78.247.124.70
395,Mauricio,Tabard,mtabarday@va.gov,Male,193.94.166.72
396,Jeniece,Dicte,jdicteaz@ibm.com,Female,130.2.210.249
397,Donnie,Barck,dbarckb0@virginia.edu,Female,80.140.187.25
398,Fergus,Tickner,fticknerb1@miitbeian.gov.cn,Male,207.128.95.45
399,Lennie,O'Reilly,loreillyb2@house.gov,Male,46.4.197.213
400,Forester,Godmar,fgodmarb3@chronoengine.com,Male,246.78.113.106
401,Tully,McNamara,tmcnamarab4@opensource.org,Male,29.88.75.171
402,Vasili,Tinston,vtinstonb5@about.com,Male,217.90.246.247
403,Gabbey,Revel,grevelb6@wisc.edu,Female,151.20.150.93
404,Keri,De Domenicis,kdedomenicisb7@squarespace.com,Female,247.89.93.248
405,Alonzo,Nudde,anuddeb8@cargocollective.com,Male,135.138.197.92
406,Crissy,McLenaghan,cmclenaghanb9@mlb.com,Female,245.98.9.253
407,Rosamund,Fitzpayn,rfitzpaynba@unblog.fr,Female,226.63.57.32
408,Corbin,Standish-Brooks,cstandishbrooksbb@last.fm,Male,62.26.171.161
409,Leonid,Winskill,lwinskillbc@economist.com,Male,66.129.11.173
410,Alastair,Portal,aportalbd@elegantthemes.com,Male,250.75.178.51
411,Fan,Knowling,fknowlingbe@1688.com,Female,96.84.79.91
412,Byrle,Glen,bglenbf@nhs.uk,Male,217.0.248.46
413,Korella,McEvoy,kmcevoybg@blogs.com,Female,225.200.242.248
414,Lamar,Perfect,lperfectbh@answers.com,Male,212.135.177.68
415,Alfonse,Couzens,acouzensbi@bigcartel.com,Male,142.198.215.76
416,Iain,Yeaman,iyeamanbj@tripadvisor.com,Male,95.251.109.41
417,Monty,Moss,mmossbk@stanford.edu,Male,192.82.38.0
418,Myles,Pedden,mpeddenbl@slashdot.org,Male,55.106.133.14
419,Uriah,Cheyne,ucheynebm@rediff.com,Male,197.0.166.87
420,Jud,Spear,jspearbn@1und1.de,Male,144.237.106.24
421,Janel,Hurdidge,jhurdidgebo@friendfeed.com,Female,94.235.25.171
422,Rubi,Vanyashkin,rvanyashkinbp@booking.com,Female,94.107.97.98
423,Bartholomew,Swanborough,bswanboroughbq@icq.com,Male,176.189.28.199
424,Isacco,Witherop,iwitheropbr@deliciousdays.com,Male,133.190.91.167
425,Arie,Errichi,aerrichibs@reuters.com,Male,22.105.189.227
426,Rosie,Lemmen,rlemmenbt@rediff.com,Female,60.42.36.219
427,Perceval,Cord,pcordbu@myspace.com,Male,133.115.1.45
428,Niki,Pettinger,npettingerbv@godaddy.com,Male,174.219.111.98
429,Caryn,Cowherd,ccowherdbw@salon.com,Female,98.0.185.82
430,Nikki,Spehr,nspehrbx@newsvine.com,Male,120.162.116.64
431,Orsola,Ruppertz,oruppertzby@adobe.com,Female,81.225.75.146
432,Robin,Marchiso,rmarchisobz@php.net,Male,20.2.136.38
433,Haskell,Coggins,hcogginsc0@telegraph.co.uk,Male,58.117.67.128
434,Miquela,Noton,mnotonc1@booking.com,Female,189.145.252.32
435,Elizabet,Cordero,ecorderoc2@spiegel.de,Female,28.248.219.234
436,Jim,Simion,jsimionc3@bizjournals.com,Male,113.96.138.49
437,Kyle,Scyner,kscynerc4@google.es,Male,42.118.100.198
438,Normy,Van Giffen,nvangiffenc5@studiopress.com,Male,141.176.57.207
439,Wells,Kubat,wkubatc6@addthis.com,Male,27.83.87.63
440,Melvin,McDuff,mmcduffc7@technorati.com,Male,189.251.7.245
441,Marisa,Langthorne,mlangthornec8@etsy.com,Female,251.177.136.38
442,Ax,Crosson,acrossonc9@nationalgeographic.com,Male,181.131.112.167
443,Hube,Bussons,hbussonsca@tumblr.com,Male,218.129.9.13
444,Kinnie,Serrels,kserrelscb@1und1.de,Male,17.228.131.68
445,Ansell,Laimable,alaimablecc@nsw.gov.au,Male,19.95.232.49
446,Gilles,Bage,gbagecd@examiner.com,Male,146.45.115.87
447,Alf,Atherley,aatherleyce@issuu.com,Male,240.12.168.205
448,Rosamund,Hanne,rhannecf@ibm.com,Female,78.109.26.149
449,Leonora,Thynne,lthynnecg@ycombinator.com,Female,172.204.194.144
450,Moore,Trethewey,mtretheweych@php.net,Male,226.172.99.32
451,Carlyle,Pauler,cpaulerci@yellowpages.com,Male,2.84.94.161
452,Othella,Babonau,obabonaucj@google.ru,Female,175.180.133.228
453,Alexei,Vickerman,avickermanck@blogtalkradio.com,Male,95.70.100.3
454,Orland,Fores,oforescl@creativecommons.org,Male,21.109.156.120
455,Edy,McNeil,emcneilcm@livejournal.com,Female,190.18.212.222
456,Gerick,Burren,gburrencn@hao123.com,Male,246.255.17.235
457,Rosemary,Esbrook,resbrookco@paginegialle.it,Female,206.108.120.72
458,Vidovik,Mepsted,vmepstedcp@moonfruit.com,Male,199.77.222.129
459,Rosalia,Dumphries,rdumphriescq@github.com,Female,117.102.71.167
460,Jenni,Lodwig,jlodwigcr@phpbb.com,Female,91.131.191.156
461,Alecia,Wildish,awildishcs@netvibes.com,Female,168.75.50.140
462,Banky,Sherburn,bsherburnct@live.com,Male,33.134.237.24
463,Jessee,Lissenden,jlissendencu@businesswire.com,Male,179.34.28.236
464,Witty,Bellas,wbellascv@scribd.com,Male,167.254.12.17
465,Susana,Buckles,sbucklescw@baidu.com,Female,196.143.113.128
466,Laure,Jury,ljurycx@bravesites.com,Female,196.66.227.147
467,Dyan,Sweynson,dsweynsoncy@woothemes.com,Female,183.232.124.182
468,Marice,Lynnett,mlynnettcz@umn.edu,Female,214.64.33.107
469,Shelby,Croxley,scroxleyd0@dot.gov,Female,124.57.75.153
470,Kora,Minmagh,kminmaghd1@mlb.com,Female,70.227.56.238
471,Jammie,Wedon,jwedond2@google.de,Female,93.190.251.191
472,Jo-ann,Scain,jscaind3@hhs.gov,Female,20.241.28.69
473,Stillman,Hysom,shysomd4@army.mil,Male,27.0.112.246
474,Regina,Doggrell,rdoggrelld5@dropbox.com,Female,211.29.186.30
475,Winn,Schult,wschultd6@ask.com,Male,90.172.70.107
476,Olympe,Presswell,opresswelld7@army.mil,Female,151.240.175.151
477,Norbert,Ticehurst,nticehurstd8@npr.org,Male,4.186.198.210
478,Maren,Kain,mkaind9@blog.com,Female,207.56.253.89
479,Arlene,Divisek,adivisekda@nasa.gov,Female,67.244.178.241
480,Hersh,Babe,hbabedb@cmu.edu,Male,32.219.150.131
481,Brigida,Gladdifh,bgladdifhdc@canalblog.com,Female,190.9.18.127
482,Ilyssa,Pearmine,ipearminedd@shareasale.com,Female,113.7.192.153
483,Evelyn,Jeary,ejearyde@huffingtonpost.com,Male,220.216.242.126
484,Trudie,Blackleech,tblackleechdf@yolasite.com,Female,198.215.156.97
485,Dorie,Waring,dwaringdg@bloglines.com,Male,193.152.16.201
486,Mickey,Pedri,mpedridh@utexas.edu,Male,245.222.136.243
487,Marnie,Perri,mperridi@guardian.co.uk,Female,242.23.184.247
488,Katusha,Pavlovsky,kpavlovskydj@illinois.edu,Female,98.111.53.45
489,Geordie,Berrington,gberringtondk@theguardian.com,Male,168.155.164.1
490,Gordy,Churms,gchurmsdl@ucoz.com,Male,164.216.210.2
491,Nissie,Forre,nforredm@themeforest.net,Female,55.228.10.96
492,Burtie,Chisman,bchismandn@moonfruit.com,Male,158.147.60.12
493,Vlad,Van Driel,vvandrieldo@illinois.edu,Male,220.136.248.116
494,Nikolos,Barkshire,nbarkshiredp@nsw.gov.au,Male,175.50.34.143
495,Francene,Pinsent,fpinsentdq@illinois.edu,Female,97.194.147.102
496,Ferdie,Dackombe,fdackombedr@instagram.com,Male,214.182.60.67
497,Dora,Handslip,dhandslipds@wordpress.org,Female,186.99.141.248
498,Blisse,Hamley,bhamleydt@vistaprint.com,Female,190.87.117.146
499,Scot,Yurchishin,syurchishindu@youtube.com,Male,50.236.145.140
500,Gifford,Fetterplace,gfetterplacedv@simplemachines.org,Male,211.124.57.174
501,Dyanna,Matheson,dmathesondw@google.com.br,Female,83.155.201.157
502,Lynne,Yellop,lyellopdx@washingtonpost.com,Female,109.107.54.13
503,Prentice,Ferreira,pferreirady@techcrunch.com,Male,206.189.85.46
504,Chris,Flintiff,cflintiffdz@tinypic.com,Female,130.206.226.153
505,Alleyn,Giacoppoli,agiacoppolie0@businessweek.com,Male,157.171.169.107
506,Fabio,Gotfrey,fgotfreye1@naver.com,Male,104.122.126.189
507,Peterus,Goscar,pgoscare2@nymag.com,Male,34.131.220.109
508,Bil,Simonyi,bsimonyie3@ihg.com,Male,53.67.127.242
509,Haven,Tarver,htarvere4@webeden.co.uk,Male,205.78.194.130
510,Mortie,Ames,mamese5@reference.com,Male,34.150.207.194
511,Erek,Torrejon,etorrejone6@newsvine.com,Male,136.160.153.183
512,Pearline,Blampied,pblampiede7@com.com,Female,53.159.60.237
513,Jamima,Tink,jtinke8@wisc.edu,Female,54.226.157.163
514,Wood,Crush,wcrushe9@fda.gov,Male,141.67.180.147
515,Libby,Biasioni,lbiasioniea@wikispaces.com,Female,104.22.246.140
516,Farand,Quantrell,fquantrelleb@sitemeter.com,Female,137.45.173.4
517,Jameson,Gulliford,jgullifordec@techcrunch.com,Male,176.115.127.143
518,Rica,Yushankin,ryushankined@youtu.be,Female,222.118.94.176
519,Moss,Castano,mcastanoee@indiatimes.com,Male,95.33.48.54
520,Nananne,Bulter,nbulteref@histats.com,Female,4.58.56.179
521,Colene,Koopman,ckoopmaneg@forbes.com,Female,229.18.29.180
522,Siusan,Coffee,scoffeeeh@vkontakte.ru,Female,175.52.64.146
523,Talbert,Grose,tgroseei@toplist.cz,Male,175.25.73.251
524,Ania,Enbury,aenburyej@cbsnews.com,Female,61.241.2.195
525,Ashlee,Glawsop,aglawsopek@tuttocitta.it,Female,8.157.97.104
526,Price,Peddowe,ppeddoweel@springer.com,Male,78.165.164.172
527,Hildegarde,Pomfrey,hpomfreyem@yale.edu,Female,105.217.130.109
528,Saunder,Adamov,sadamoven@blogtalkradio.com,Male,17.40.3.116
529,Vilhelmina,Gutowski,vgutowskieo@nymag.com,Female,29.48.184.48
530,Tabbi,Pettman,tpettmanep@deviantart.com,Female,227.47.114.53
531,Lyndsay,Strowthers,lstrowtherseq@mail.ru,Female,92.230.230.35
532,Wyn,Luchetti,wluchettier@weebly.com,Male,20.186.113.58
533,Ofella,Shevlan,oshevlanes@wiley.com,Female,184.135.194.175
534,Jeremiah,McLarnon,jmclarnonet@sakura.ne.jp,Male,128.10.30.166
535,Tybalt,Illyes,tillyeseu@squidoo.com,Male,146.52.63.161
536,Hymie,Goodsir,hgoodsirev@vkontakte.ru,Male,196.149.24.3
537,Marcus,Cello,mcelloew@qq.com,Male,51.60.49.159
538,Willdon,Ulyet,wulyetex@engadget.com,Male,135.219.183.212
539,Melinda,Gownge,mgowngeey@hc360.com,Female,119.26.37.55
540,Walton,Pavelin,wpavelinez@livejournal.com,Male,228.68.54.207
541,Nomi,Crinidge,ncrinidgef0@usnews.com,Female,182.215.58.249
542,Candie,O'Cannovane,cocannovanef1@accuweather.com,Female,124.29.103.146
543,Foss,Atteridge,fatteridgef2@hibu.com,Male,1.121.226.224
544,Winfield,Hedditch,whedditchf3@thetimes.co.uk,Male,29.146.190.106
545,Stephenie,MacGillivray,smacgillivrayf4@fda.gov,Female,106.114.77.198
546,Gabi,Fritschmann,gfritschmannf5@java.com,Male,252.103.51.188
547,Any,Kalb,akalbf6@ihg.com,Male,131.19.239.242
548,Fredek,Barge,fbargef7@youtube.com,Male,76.181.57.184
549,Thorn,Laven,tlavenf8@apache.org,Male,156.173.53.219
550,Stephannie,Rustedge,srustedgef9@live.com,Female,167.161.89.145
551,Cissy,Fitzhenry,cfitzhenryfa@aol.com,Female,239.125.252.222
552,Kathlin,Tomaskunas,ktomaskunasfb@wikispaces.com,Female,106.219.186.173
553,Edmund,Knaggs,eknaggsfc@tuttocitta.it,Male,104.242.201.156
554,Concordia,Doxsey,cdoxseyfd@tinyurl.com,Female,82.61.217.176
555,Gery,Gainor,ggainorfe@mapquest.com,Male,63.199.68.176
556,Tito,Gratrix,tgratrixff@wikimedia.org,Male,75.100.26.44
557,Rudolf,Rymour,rrymourfg@blogtalkradio.com,Male,47.137.163.221
558,Vida,Huertas,vhuertasfh@tamu.edu,Female,213.181.254.241
559,Lyndy,Bloan,lbloanfi@tmall.com,Female,104.188.205.78
560,Zondra,Pughe,zpughefj@unblog.fr,Female,7.116.122.145
561,Connie,Hacard,chacardfk@webeden.co.uk,Female,200.245.137.248
562,Corella,Colliard,ccolliardfl@elegantthemes.com,Female,207.151.232.242
563,Meghan,Watson,mwatsonfm@businessinsider.com,Female,134.175.82.133
564,Mead,Winslett,mwinslettfn@utexas.edu,Male,11.254.215.46
565,Antin,Larroway,alarrowayfo@sakura.ne.jp,Male,138.97.46.75
566,Ingemar,Dumbelton,idumbeltonfp@upenn.edu,Male,86.42.146.151
567,Sayre,Gianneschi,sgianneschifq@miitbeian.gov.cn,Female,217.65.190.1
568,Ruby,Cecchetelli,rcecchetellifr@twitpic.com,Male,179.142.168.173
569,Brody,Eveling,bevelingfs@blogger.com,Male,215.226.172.199
570,Gwenny,Bour,gbourft@freewebs.com,Female,6.77.0.125
571,Vasily,Peaker,vpeakerfu@quantcast.com,Male,143.129.164.25
572,Kristoforo,Malan,kmalanfv@bbb.org,Male,52.130.227.222
573,Guntar,Ferreli,gferrelifw@cbsnews.com,Male,81.112.70.127
574,Marj,Penman,mpenmanfx@elegantthemes.com,Female,109.71.143.29
575,Mahmoud,Huckerby,mhuckerbyfy@google.co.jp,Male,126.175.80.55
576,Bryanty,McCloy,bmccloyfz@quantcast.com,Male,180.214.124.93
577,Shepard,Warters,swartersg0@devhub.com,Male,144.133.127.126
578,Elihu,Ashlee,eashleeg1@godaddy.com,Male,124.163.37.30
579,Calli,Trim,ctrimg2@msu.edu,Female,139.41.43.224
580,Cyb,Longhorn,clonghorng3@yahoo.co.jp,Female,3.7.43.230
581,Edik,Selliman,esellimang4@simplemachines.org,Male,72.29.248.156
582,Amery,Beccera,abeccerag5@livejournal.com,Male,152.121.213.188
583,Lyn,Biaggelli,lbiaggellig6@guardian.co.uk,Male,166.156.114.240
584,Simona,Stimpson,sstimpsong7@jimdo.com,Female,196.129.165.105
585,Brade,Kolis,bkolisg8@uiuc.edu,Male,122.77.109.216
586,Hayley,Prettjohn,hprettjohng9@aboutads.info,Female,212.84.49.148
587,Kristoforo,Coey,kcoeyga@drupal.org,Male,18.136.179.111
588,Octavius,Staite,ostaitegb@51.la,Male,99.250.142.2
589,Maisie,Zavattero,mzavatterogc@yandex.ru,Female,116.89.106.149
590,Dara,Ebunoluwa,debunoluwagd@slate.com,Female,190.103.44.165
591,Albertina,Giacobini,agiacobinige@canalblog.com,Female,128.198.19.92
592,Lezlie,McPartling,lmcpartlinggf@networksolutions.com,Female,223.35.174.180
593,Kacy,Kmietsch,kkmietschgg@addthis.com,Female,186.29.211.218
594,Tye,Mosedale,tmosedalegh@nba.com,Male,140.28.68.209
595,Alli,MacCarrane,amaccarranegi@phpbb.com,Female,30.136.69.64
596,Erskine,Drife,edrifegj@google.pl,Male,41.66.53.179
597,Bevin,Dunn,bdunngk@exblog.jp,Male,128.163.179.77
598,Tonie,MacArthur,tmacarthurgl@google.it,Female,46.225.167.25
599,Nadine,Grimsdale,ngrimsdalegm@1688.com,Female,159.33.218.231
600,Xenos,Scotchmoor,xscotchmoorgn@ovh.net,Male,179.14.114.210
601,Jean,Edmands,jedmandsgo@illinois.edu,Female,184.151.255.155
602,Lilas,Etter,lettergp@engadget.com,Female,139.181.13.251
603,Karl,Cummings,kcummingsgq@reddit.com,Male,136.122.30.161
604,Mae,Roux,mrouxgr@nature.com,Female,182.16.212.58
605,Alfredo,Iban,aibangs@answers.com,Male,148.177.51.15
606,Tallie,Caltera,tcalteragt@weibo.com,Male,214.24.140.166
607,Kort,Moakes,kmoakesgu@adobe.com,Male,88.115.80.96
608,Duff,Paradis,dparadisgv@edublogs.org,Male,241.34.194.162
609,Riane,Glanister,rglanistergw@apache.org,Female,156.213.86.183
610,Tierney,Elcy,telcygx@angelfire.com,Female,141.183.213.28
611,Wainwright,Stonall,wstonallgy@imgur.com,Male,173.230.69.99
612,Brandyn,Khoter,bkhotergz@hubpages.com,Male,118.67.100.104
613,Vally,Gruby,vgrubyh0@marriott.com,Female,200.207.14.124
614,Sabine,Haxley,shaxleyh1@myspace.com,Female,78.191.208.164
615,Lizette,Hyams,lhyamsh2@vkontakte.ru,Female,18.130.199.200
616,Gawain,Baudino,gbaudinoh3@networksolutions.com,Male,193.7.227.52
617,Derk,Daenen,ddaenenh4@yellowbook.com,Male,121.243.195.106
618,Danya,Thurnham,dthurnhamh5@blogspot.com,Male,120.5.87.77
619,Sinclair,Iacovini,siacovinih6@sfgate.com,Male,169.108.253.55
620,Chrissie,Mundow,cmundowh7@abc.net.au,Female,11.47.228.46
621,Alysa,Donovan,adonovanh8@nytimes.com,Female,19.189.146.4
622,Kaylee,Coronado,kcoronadoh9@theglobeandmail.com,Female,226.201.154.120
623,Cherye,Mabley,cmableyha@goo.gl,Female,82.5.49.119
624,Marji,Tunniclisse,mtunniclissehb@lulu.com,Female,138.83.82.118
625,Dennis,Beevors,dbeevorshc@hugedomains.com,Male,228.70.15.63
626,Gaelan,Dugget,gduggethd@barnesandnoble.com,Male,59.192.26.26
627,Joby,Sliney,jslineyhe@businessinsider.com,Female,129.2.112.140
628,Lanita,Livings,llivingshf@microsoft.com,Female,138.87.179.116
629,Loree,Fell,lfellhg@surveymonkey.com,Female,184.122.98.212
630,Jordanna,Camerana,jcameranahh@google.nl,Female,8.93.200.63
631,Franzen,Yaus,fyaushi@europa.eu,Male,129.138.58.146
632,Olympia,Gareisr,ogareisrhj@soundcloud.com,Female,246.226.106.227
633,Malorie,Dabrowski,mdabrowskihk@nifty.com,Female,146.204.72.135
634,Price,Dameisele,pdameiselehl@ezinearticles.com,Male,149.70.147.102
635,Vanna,Rowles,vrowleshm@barnesandnoble.com,Female,189.224.192.73
636,Brear,Gerrill,bgerrillhn@squarespace.com,Female,180.8.170.146
637,Edan,Covey,ecoveyho@ifeng.com,Male,4.92.167.152
638,Giles,Yarrell,gyarrellhp@globo.com,Male,191.194.233.65
639,Baillie,Ponsford,bponsfordhq@nationalgeographic.com,Male,212.149.222.74
640,Milty,Verchambre,mverchambrehr@house.gov,Male,41.23.12.60
641,Barnabe,Gresch,bgreschhs@ucoz.com,Male,82.225.181.190
642,Selina,Vern,svernht@google.de,Female,200.67.156.15
643,Carlyle,Abramow,cabramowhu@parallels.com,Male,79.217.133.40
644,Bale,Tingly,btinglyhv@businesswire.com,Male,12.9.13.18
645,Roland,Boorman,rboormanhw@51.la,Male,80.122.194.83
646,Temple,Hamp,thamphx@hugedomains.com,Male,32.196.148.203
647,Barn,Darrington,bdarringtonhy@google.com.hk,Male,196.123.175.228
648,Patrizia,Kleinbaum,pkleinbaumhz@fotki.com,Female,48.131.115.196
649,Quill,Wingfield,qwingfieldi0@sciencedaily.com,Male,148.15.251.121
650,Matthew,Greenwood,mgreenwoodi1@cnn.com,Male,208.53.241.148
651,Tiffie,Romney,tromneyi2@ycombinator.com,Female,93.42.43.237
652,Wrennie,Piquard,wpiquardi3@huffingtonpost.com,Female,153.193.212.39
653,Ashley,Mayou,amayoui4@amazon.co.uk,Female,192.179.147.173
654,Juliet,Atley,jatleyi5@studiopress.com,Female,152.107.154.32
655,Wes,Bolding,wboldingi6@illinois.edu,Male,131.229.182.207
656,Trude,Dilleston,tdillestoni7@eepurl.com,Female,119.126.215.14
657,Grier,Kohnert,gkohnerti8@typepad.com,Female,2.78.24.234
658,Armando,Malzard,amalzardi9@yellowbook.com,Male,130.187.210.217
659,Bartie,Tuffrey,btuffreyia@histats.com,Male,113.255.126.156
660,Romonda,Ramelet,rrameletib@bloomberg.com,Female,79.250.62.253
661,Boris,Garard,bgarardic@digg.com,Male,39.123.81.54
662,Roberta,Callacher,rcallacherid@state.tx.us,Female,114.246.204.38
663,Rozalie,Stirrip,rstirripie@cisco.com,Female,215.224.188.197
664,Vasily,Abrahamsen,vabrahamsenif@utexas.edu,Male,83.79.75.153
665,Blayne,Treher,btreherig@tinyurl.com,Male,192.101.172.99
666,Ann-marie,Dabourne,adabourneih@printfriendly.com,Female,85.105.35.18
667,Ardelis,Neasam,aneasamii@virginia.edu,Female,39.163.193.128
668,Claudianus,Dicken,cdickenij@hud.gov,Male,0.39.18.242
669,Mallory,Olexa,molexaik@google.co.uk,Female,229.18.156.51
670,Janella,Hembery,jhemberyil@independent.co.uk,Female,3.212.170.212
671,Cliff,Donnan,cdonnanim@about.com,Male,133.156.11.111
672,Kellby,Norris,knorrisin@techcrunch.com,Male,32.226.72.98
673,Evvy,Duggen,eduggenio@hhs.gov,Female,219.16.18.90
674,Emery,Legerton,elegertonip@hhs.gov,Male,129.41.32.184
675,Daveta,Singh,dsinghiq@adobe.com,Female,211.145.39.187
676,Edythe,Kierans,ekieransir@hp.com,Female,249.201.18.75
677,Rafa,Elverston,relverstonis@paginegialle.it,Female,86.54.72.65
678,Jerrilee,Gossipin,jgossipinit@furl.net,Female,133.145.102.52
679,Kelwin,Sunshine,ksunshineiu@cbslocal.com,Male,37.186.111.29
680,Nedi,Fawks,nfawksiv@example.com,Female,215.255.105.105
681,Timothee,Cleeton,tcleetoniw@hc360.com,Male,73.69.10.88
682,Gayle,Ivashechkin,givashechkinix@bing.com,Male,91.172.241.250
683,Dane,Kleinlerer,dkleinlereriy@ftc.gov,Male,249.172.176.184
684,Tana,Mitten,tmitteniz@wp.com,Female,180.242.210.245
685,Walker,Trudgeon,wtrudgeonj0@nationalgeographic.com,Male,164.99.171.134
686,Lyssa,Almey,lalmeyj1@alibaba.com,Female,241.118.188.57
687,Binny,Mordue,bmorduej2@weebly.com,Female,98.15.119.37
688,Charissa,Cleugh,ccleughj3@themeforest.net,Female,90.240.58.190
689,Legra,Deluze,ldeluzej4@fastcompany.com,Female,85.241.220.101
690,Raleigh,Gile,rgilej5@wunderground.com,Male,237.81.238.46
691,Bondy,Dobbison,bdobbisonj6@tmall.com,Male,120.232.168.244
692,Filbert,La Wille,flawillej7@java.com,Male,165.45.105.34
693,Karl,Cable,kcablej8@sakura.ne.jp,Male,52.169.202.1
694,Julio,Kearle,jkearlej9@ihg.com,Male,43.147.227.142
695,Mikkel,Kuhnert,mkuhnertja@apple.com,Male,118.202.188.100
696,Jordanna,Norwell,jnorwelljb@biblegateway.com,Female,107.215.151.141
697,Pacorro,Gobell,pgobelljc@kickstarter.com,Male,199.170.54.250
698,Petunia,Fearon,pfearonjd@harvard.edu,Female,171.128.175.36
699,Elmer,Aucock,eaucockje@state.tx.us,Male,225.147.1.225
700,Dolf,Swindells,dswindellsjf@stanford.edu,Male,53.45.217.119
701,Estelle,McFadin,emcfadinjg@nymag.com,Female,157.246.142.250
702,Padraig,Jodkowski,pjodkowskijh@godaddy.com,Male,211.191.179.36
703,Theodosia,Conaghy,tconaghyji@guardian.co.uk,Female,102.132.18.194
704,Deeann,McCloughen,dmccloughenjj@sciencedirect.com,Female,5.216.118.91
705,Raimondo,Renol,rrenoljk@china.com.cn,Male,182.81.15.86
706,Iseabal,Payfoot,ipayfootjl@com.com,Female,112.220.137.225
707,Tanner,Dawtre,tdawtrejm@microsoft.com,Male,185.18.81.81
708,Jephthah,Billo,jbillojn@quantcast.com,Male,88.85.51.81
709,Maurizia,Ewdale,mewdalejo@youtube.com,Female,149.250.9.228
710,Vally,Budget,vbudgetjp@t-online.de,Female,9.38.160.158
711,Forster,Huntingdon,fhuntingdonjq@bloglines.com,Male,80.104.127.233
712,Hermia,Gorse,hgorsejr@ow.ly,Female,146.237.255.50
713,Marsiella,McIlmorow,mmcilmorowjs@booking.com,Female,104.227.74.65
714,Jan,Woffinden,jwoffindenjt@smugmug.com,Female,139.52.234.100
715,Jerad,Stilwell,jstilwellju@vkontakte.ru,Male,148.10.77.142
716,Hamlin,Glandfield,hglandfieldjv@4shared.com,Male,174.205.85.26
717,Ulric,Pittel,upitteljw@nbcnews.com,Male,239.178.13.197
718,Guthry,O'Growgane,gogrowganejx@hibu.com,Male,26.41.192.148
719,Kissiah,Bursell,kburselljy@fotki.com,Female,119.180.37.152
720,Hillary,Bulman,hbulmanjz@zimbio.com,Male,233.75.152.172
721,Denver,Overpool,doverpoolk0@illinois.edu,Male,39.126.116.170
722,Alfie,Olenin,aolenink1@shareasale.com,Male,247.145.13.37
723,Bearnard,Hitzschke,bhitzschkek2@google.de,Male,67.34.103.218
724,Fulvia,Horder,fhorderk3@state.gov,Female,122.212.94.62
725,Clayborne,Hammatt,chammattk4@ed.gov,Male,201.56.223.23
726,Townsend,Oger,togerk5@nasa.gov,Male,84.39.196.199
727,Lon,Bramford,lbramfordk6@aboutads.info,Male,60.13.50.43
728,Wallis,Plumbley,wplumbleyk7@oakley.com,Male,76.148.166.34
729,Claudius,Routhorn,crouthornk8@skyrock.com,Male,113.46.164.134
730,Aldo,Blum,ablumk9@dropbox.com,Male,168.217.240.207
731,Dale,Janovsky,djanovskyka@facebook.com,Female,200.143.222.160
732,Audry,Copperwaite,acopperwaitekb@com.com,Female,34.60.73.253
733,Lisa,Floyd,lfloydkc@sitemeter.com,Female,134.196.145.171
734,Baldwin,McGeown,bmcgeownkd@walmart.com,Male,213.56.190.140
735,Kevyn,Burnyate,kburnyateke@tamu.edu,Female,124.128.133.234
736,Drake,Reide,dreidekf@icq.com,Male,57.25.193.148
737,Beatrix,Huxham,bhuxhamkg@aboutads.info,Female,53.76.238.252
738,Brennen,Menezes,bmenezeskh@berkeley.edu,Male,201.216.201.98
739,Hurleigh,Boyen,hboyenki@timesonline.co.uk,Male,75.210.13.43
740,Lulita,Goodge,lgoodgekj@furl.net,Female,25.70.187.104
741,Ford,Blatherwick,fblatherwickkk@deliciousdays.com,Male,138.0.204.119
742,Paolina,Screeton,pscreetonkl@tripadvisor.com,Female,177.15.168.140
743,Arnoldo,Kiddye,akiddyekm@irs.gov,Male,195.217.70.9
744,Ephraim,Ratter,eratterkn@tmall.com,Male,120.115.22.208
745,Emogene,Strathern,estrathernko@t.co,Female,4.39.190.66
746,Drusie,Manginot,dmanginotkp@nsw.gov.au,Female,249.197.45.201
747,Ferrell,Cowles,fcowleskq@twitter.com,Male,51.228.185.117
748,Irvin,Gavriel,igavrielkr@mit.edu,Male,177.17.111.140
749,Elisabeth,Covey,ecoveyks@tiny.cc,Female,227.50.4.79
750,Barnabas,D'Arrigo,bdarrigokt@opera.com,Male,201.113.135.223
751,Valentina,Balderston,vbalderstonku@amazon.de,Female,198.162.195.78
752,Alfredo,Cornbill,acornbillkv@creativecommons.org,Male,6.194.56.127
753,Collin,Bankes,cbankeskw@furl.net,Male,120.135.68.97
754,Cesare,Arnald,carnaldkx@patch.com,Male,221.103.220.92
755,Arabela,Shattock,ashattockky@abc.net.au,Female,188.242.192.111
756,Hervey,Messager,hmessagerkz@who.int,Male,194.31.159.223
757,Waylin,Taffs,wtaffsl0@flickr.com,Male,126.17.129.41
758,Jilli,Scrogges,jscroggesl1@weibo.com,Female,208.39.84.155
759,Baldwin,McGillecole,bmcgillecolel2@myspace.com,Male,236.21.52.51
760,Jermayne,Jolliffe,jjolliffel3@vimeo.com,Male,169.200.24.83
761,Ollie,Skyram,oskyraml4@patch.com,Female,205.135.103.152
762,Ches,Dunphie,cdunphiel5@weebly.com,Male,127.158.197.111
763,Angelia,Ivan,aivanl6@home.pl,Female,94.219.53.131
764,Em,Coomes,ecoomesl7@ocn.ne.jp,Male,115.98.38.109
765,Puff,Poyle,ppoylel8@indiatimes.com,Male,44.222.78.137
766,Vin,Sackler,vsacklerl9@storify.com,Female,189.146.31.160
767,Fletcher,Ander,fanderla@dot.gov,Male,87.63.228.110
768,Ferne,Ching,fchinglb@tmall.com,Female,127.224.148.218
769,Padraig,Olivia,polivialc@economist.com,Male,128.93.193.144
770,Lucian,Goldsack,lgoldsackld@plala.or.jp,Male,168.242.147.163
771,Ware,Cornewall,wcornewallle@ycombinator.com,Male,194.248.101.34
772,Ramsey,Gould,rgouldlf@toplist.cz,Male,15.36.112.222
773,Aldus,Hardeman,ahardemanlg@symantec.com,Male,229.44.33.198
774,Caron,Lintill,clintilllh@blinklist.com,Female,86.112.97.52
775,Gabbey,Orringe,gorringeli@theglobeandmail.com,Female,79.58.247.228
776,Valentine,Mattisssen,vmattisssenlj@pen.io,Male,7.0.141.39
777,Galina,Dudderidge,gdudderidgelk@ifeng.com,Female,218.228.26.19
778,Trudey,Lathwell,tlathwellll@bbb.org,Female,251.119.61.144
779,Geri,Pembery,gpemberylm@howstuffworks.com,Male,160.28.139.99
780,Heinrick,Gleave,hgleaveln@themeforest.net,Male,184.137.158.213
781,Gilbert,Petschel,gpetschello@cnet.com,Male,100.8.54.141
782,Cissy,Yarnell,cyarnelllp@tinyurl.com,Female,70.209.182.89
783,Agnes,Crickmer,acrickmerlq@blinklist.com,Female,17.134.205.113
784,Clare,Barrett,cbarrettlr@hatena.ne.jp,Female,99.232.3.41
785,Brigida,Krysztofowicz,bkrysztofowiczls@walmart.com,Female,199.164.162.186
786,Klara,Skoughman,kskoughmanlt@jugem.jp,Female,130.102.51.157
787,Hervey,Sedgemore,hsedgemorelu@ask.com,Male,114.179.123.201
788,Haley,McAleese,hmcaleeselv@state.gov,Male,74.209.168.226
789,Demetra,Rehm,drehmlw@edublogs.org,Female,78.110.54.195
790,Todd,Spadollini,tspadollinilx@addthis.com,Male,26.17.27.122
791,Alair,Tremblay,atremblayly@icq.com,Male,103.233.102.53
792,Cristie,Cutajar,ccutajarlz@nhs.uk,Female,99.21.254.170
793,Zedekiah,Swinfon,zswinfonm0@ifeng.com,Male,146.191.165.54
794,Freddy,Rigeby,frigebym1@ebay.com,Female,131.115.229.129
795,Scottie,Timothy,stimothym2@360.cn,Male,106.34.229.158
796,Palmer,Harle,pharlem3@cornell.edu,Male,33.36.144.197
797,Quint,Del Monte,qdelmontem4@wordpress.com,Male,139.93.110.139
798,Rolando,Wiley,rwileym5@buzzfeed.com,Male,175.180.48.207
799,Fernandina,Nesfield,fnesfieldm6@furl.net,Female,83.58.34.36
800,Sandi,Derl,sderlm7@dedecms.com,Female,81.70.94.8
801,Felipa,Wilkins,fwilkinsm8@cpanel.net,Female,227.206.232.160
802,Boris,Boggers,bboggersm9@lulu.com,Male,184.241.27.36
803,Merridie,Olivas,molivasma@ucsd.edu,Female,111.89.53.31
804,Violette,Jaquemar,vjaquemarmb@1688.com,Female,33.223.204.7
805,Marijn,Downham,mdownhammc@ehow.com,Male,40.3.94.27
806,Cory,Corneck,ccorneckmd@facebook.com,Female,17.53.64.247
807,Jamie,Beaman,jbeamanme@over-blog.com,Female,178.67.40.166
808,Ty,Gobolos,tgobolosmf@behance.net,Male,166.189.121.9
809,Sharyl,Blenkinsopp,sblenkinsoppmg@dailymotion.com,Female,84.29.83.60
810,Cherish,Grayson,cgraysonmh@privacy.gov.au,Female,215.28.94.236
811,Coop,McCallum,cmccallummi@theguardian.com,Male,158.153.214.196
812,Larissa,Waplington,lwaplingtonmj@themeforest.net,Female,234.55.238.227
813,Enos,Krier,ekriermk@naver.com,Male,27.29.44.113
814,Henri,Gunby,hgunbyml@furl.net,Male,113.52.64.251
815,Fayina,Coyte,fcoytemm@barnesandnoble.com,Female,12.31.82.252
816,Collete,Gatrill,cgatrillmn@alexa.com,Female,39.127.13.28
817,Paula,Pinnington,ppinningtonmo@spotify.com,Female,16.60.207.95
818,Stephannie,Collcott,scollcottmp@hibu.com,Female,63.172.46.82
819,Nannette,McRitchie,nmcritchiemq@dagondesign.com,Female,41.194.214.43
820,Reinhard,Dagwell,rdagwellmr@wikipedia.org,Male,71.227.245.49
821,Sibby,Royston,sroystonms@unicef.org,Female,184.197.253.92
822,Kermie,Fairall,kfairallmt@noaa.gov,Male,27.11.181.44
823,Bill,Rontree,brontreemu@yolasite.com,Female,179.0.159.57
824,Adelbert,Sole,asolemv@zdnet.com,Male,127.22.140.36
825,Crichton,Awdry,cawdrymw@nba.com,Male,184.3.65.95
826,Riobard,Guido,rguidomx@businessinsider.com,Male,149.207.25.111
827,Noella,Cotterell,ncotterellmy@cdc.gov,Female,240.113.17.135
828,Ashleigh,Collinson,acollinsonmz@dailymotion.com,Female,31.47.42.240
829,Drona,Dabbs,ddabbsn0@ask.com,Female,244.66.90.82
830,Maxie,Deporte,mdeporten1@youtube.com,Male,38.83.180.56
831,Giffie,Bouzek,gbouzekn2@senate.gov,Male,142.139.46.180
832,Rosemarie,Maclean,rmacleann3@engadget.com,Female,136.75.232.59
833,Hazlett,Tydd,htyddn4@fda.gov,Male,29.29.160.27
834,Valenka,Mechi,vmechin5@google.fr,Female,107.67.220.44
835,Zsazsa,Keymer,zkeymern6@shinystat.com,Female,172.22.54.89
836,Hugibert,Wilkison,hwilkisonn7@discuz.net,Male,158.39.29.171
837,Sinclare,Devons,sdevonsn8@guardian.co.uk,Male,109.86.30.159
838,Wynn,Mibourne,wmibournen9@marketwatch.com,Male,38.30.164.58
839,Danna,Boulder,dboulderna@elegantthemes.com,Female,118.112.49.54
840,Tabbie,Redmire,tredmirenb@vinaora.com,Male,162.198.136.130
841,Yoko,Whitemarsh,ywhitemarshnc@marketwatch.com,Female,206.35.147.95
842,Idalia,Pearl,ipearlnd@php.net,Female,225.28.207.125
843,Elissa,Kingsbury,ekingsburyne@mozilla.com,Female,119.157.180.251
844,Jeane,Forcade,jforcadenf@sciencedirect.com,Female,53.4.242.44
845,Archambault,Rolinson,arolinsonng@pcworld.com,Male,122.19.108.47
846,Livia,Newburn,lnewburnnh@adobe.com,Female,18.14.124.111
847,Regen,Muffitt,rmuffittni@theatlantic.com,Male,144.191.56.107
848,Wes,Yedy,wyedynj@ycombinator.com,Male,134.11.222.75
849,Ollie,Beare,obearenk@samsung.com,Male,104.152.43.14
850,Martita,Shacklady,mshackladynl@prnewswire.com,Female,15.25.255.29
851,Patricia,Johantges,pjohantgesnm@google.it,Female,87.94.232.63
852,Onfroi,Maxfield,omaxfieldnn@youtube.com,Male,114.239.55.208
853,Fernanda,Dinkin,fdinkinno@virginia.edu,Female,250.197.102.73
854,Thom,Durber,tdurbernp@wiley.com,Male,201.196.69.40
855,Ethelind,Wiggam,ewiggamnq@dropbox.com,Female,218.188.0.138
856,Evie,Naerup,enaerupnr@youku.com,Female,62.255.170.228
857,Dianne,Oglesbee,doglesbeens@yelp.com,Female,164.53.149.73
858,Bryanty,Luten,blutennt@who.int,Male,225.174.133.127
859,Ollie,Swapp,oswappnu@craigslist.org,Female,243.194.130.28
860,Spenser,Britney,sbritneynv@dyndns.org,Male,93.240.30.153
861,Briny,Gurg,bgurgnw@msn.com,Female,35.213.207.101
862,Rena,Eglese,reglesenx@about.com,Female,168.145.100.87
863,Zebulon,Romero,zromerony@blog.com,Male,20.14.22.233
864,Sada,Vere,sverenz@cbslocal.com,Female,121.238.149.90
865,Daisy,Conti,dcontio0@skype.com,Female,133.130.68.208
866,Cass,Espadero,cespaderoo1@statcounter.com,Male,144.154.140.83
867,Maitilde,Coultass,mcoultasso2@shop-pro.jp,Female,252.155.30.77
868,Emilio,Kinglake,ekinglakeo3@surveymonkey.com,Male,65.85.190.255
869,Ibrahim,Fairall,ifairallo4@facebook.com,Male,252.161.49.22
870,Mike,Torrese,mtorreseo5@marketwatch.com,Male,126.252.88.98
871,Clem,Ryley,cryleyo6@go.com,Female,220.244.224.215
872,Jonah,Radmer,jradmero7@ucoz.ru,Male,25.228.206.77
873,Israel,Dreossi,idreossio8@wikipedia.org,Male,121.218.244.155
874,Coreen,de Najera,cdenajerao9@fda.gov,Female,89.88.18.220
875,Rori,Merrick,rmerrickoa@reverbnation.com,Female,184.119.218.105
876,Ewell,Goldsmith,egoldsmithob@npr.org,Male,210.201.166.168
877,Dodi,Clue,dclueoc@reddit.com,Female,189.182.163.174
878,Suzi,Linning,slinningod@imageshack.us,Female,156.243.38.85
879,Mahmoud,Roizin,mroizinoe@dropbox.com,Male,140.217.80.230
880,Annetta,Bigglestone,abigglestoneof@imageshack.us,Female,142.245.8.112
881,Carleen,Parrish,cparrishog@geocities.com,Female,227.22.231.139
882,Layla,Timlin,ltimlinoh@biglobe.ne.jp,Female,174.14.14.23
883,Belle,Reddings,breddingsoi@opensource.org,Female,79.82.28.48
884,Roselle,Easdon,reasdonoj@nbcnews.com,Female,21.201.63.1
885,Essa,Cuffin,ecuffinok@so-net.ne.jp,Female,95.181.83.126
886,Amara,Weitzel,aweitzelol@ebay.com,Female,91.244.44.27
887,Sarette,Busswell,sbusswellom@sfgate.com,Female,96.228.205.232
888,Graham,Gother,ggotheron@cyberchimps.com,Male,167.12.10.194
889,Boycie,Purselow,bpurselowoo@vimeo.com,Male,35.225.52.0
890,Kristian,Sherer,kshererop@ihg.com,Male,21.81.246.76
891,Penelopa,Hanwell,phanwelloq@newyorker.com,Female,154.156.49.68
892,Ralf,Binden,rbindenor@spotify.com,Male,176.45.252.231
893,Marylinda,Starbuck,mstarbuckos@mit.edu,Female,207.115.154.20
894,Marius,Chawkley,mchawkleyot@zimbio.com,Male,59.228.224.48
895,Latashia,Romao,lromaoou@craigslist.org,Female,2.91.111.195
896,Parrnell,Peirpoint,ppeirpointov@livejournal.com,Male,236.130.67.187
897,Ellery,Chiddy,echiddyow@adobe.com,Male,20.73.117.212
898,Ferdinand,Bodechon,fbodechonox@wikispaces.com,Male,56.192.106.4
899,Hasty,Chatelain,hchatelainoy@ifeng.com,Male,77.211.140.166
900,Samantha,Laughlan,slaughlanoz@nytimes.com,Female,105.137.70.233
901,Jaimie,Doxsey,jdoxseyp0@aol.com,Female,129.147.252.253
902,Worthy,Cleobury,wcleoburyp1@goo.gl,Male,87.19.208.247
903,Stacie,Rounding,sroundingp2@sourceforge.net,Female,11.35.139.188
904,Charles,Ybarra,cybarrap3@timesonline.co.uk,Male,7.129.203.255
905,Glyn,Gerrietz,ggerrietzp4@sina.com.cn,Female,23.181.196.15
906,Rozele,Onians,roniansp5@51.la,Female,17.24.90.252
907,Gamaliel,Doerling,gdoerlingp6@indiegogo.com,Male,214.130.174.6
908,Tanney,Butfield,tbutfieldp7@ezinearticles.com,Male,118.192.163.115
909,Bunni,Tulloch,btullochp8@wisc.edu,Female,150.64.1.82
910,Tiffi,Marvelley,tmarvelleyp9@newyorker.com,Female,57.63.205.227
911,Ranique,Gerram,rgerrampa@vimeo.com,Female,97.186.208.166
912,Bobby,Langham,blanghampb@unicef.org,Male,41.171.115.32
913,Melamie,Kinlock,mkinlockpc@t-online.de,Female,140.159.108.17
914,Belia,Coote,bcootepd@businesswire.com,Female,98.167.225.158
915,Ruby,Bilt,rbiltpe@phpbb.com,Male,166.223.76.105
916,Sharona,Castano,scastanopf@about.com,Female,228.163.173.52
917,Spike,Adolfsen,sadolfsenpg@drupal.org,Male,80.160.110.250
918,Jeramey,Ortiga,jortigaph@qq.com,Male,163.121.150.229
919,Edik,Hawsby,ehawsbypi@indiegogo.com,Male,250.133.74.185
920,Adler,Dartnall,adartnallpj@dion.ne.jp,Male,191.179.168.105
921,Pammie,Wissbey,pwissbeypk@zdnet.com,Female,61.89.229.228
922,Pacorro,Burchett,pburchettpl@eepurl.com,Male,178.209.77.9
923,Lev,Yatman,lyatmanpm@yellowbook.com,Male,235.54.221.131
924,Caddric,Simkovich,csimkovichpn@geocities.jp,Male,102.252.220.233
925,Stevy,Fallow,sfallowpo@parallels.com,Male,201.155.46.238
926,Lorelei,Renzo,lrenzopp@tripadvisor.com,Female,82.82.34.113
927,Natale,Warnock,nwarnockpq@wordpress.org,Male,103.42.80.12
928,Sim,Grzeszczyk,sgrzeszczykpr@google.com.au,Male,251.221.200.83
929,Dyan,Dailey,ddaileyps@biglobe.ne.jp,Female,147.191.64.14
930,Rockie,Pauleau,rpauleaupt@springer.com,Male,25.140.144.16
931,Kimbell,Skym,kskympu@tripadvisor.com,Male,201.209.96.201
932,Carlie,Boldra,cboldrapv@youku.com,Male,145.247.138.173
933,Madelle,Rangall,mrangallpw@hud.gov,Female,153.43.134.72
934,Ken,Ferryn,kferrynpx@virginia.edu,Male,60.98.4.95
935,Keith,Linney,klinneypy@nymag.com,Male,180.159.233.202
936,Farrah,Loud,floudpz@theglobeandmail.com,Female,19.171.32.78
937,Dilly,Harriskine,dharriskineq0@yolasite.com,Male,88.26.193.217
938,Kirsteni,Mabson,kmabsonq1@spiegel.de,Female,45.182.6.153
939,Philomena,Dyne,pdyneq2@china.com.cn,Female,249.210.31.197
940,Doris,Hellyer,dhellyerq3@feedburner.com,Female,212.37.223.37
941,Alberik,Beernt,abeerntq4@sfgate.com,Male,119.140.99.138
942,Mattias,Uzelli,muzelliq5@wordpress.org,Male,72.254.220.249
943,Dicky,Moncur,dmoncurq6@mapy.cz,Male,104.99.111.171
944,George,Piatti,gpiattiq7@smugmug.com,Female,238.95.198.41
945,Sibelle,Stapleton,sstapletonq8@bing.com,Female,175.68.134.24
946,Phillis,Gedge,pgedgeq9@i2i.jp,Female,253.221.46.219
947,Bobbye,Neilus,bneilusqa@1und1.de,Female,150.232.250.177
948,Evin,Burdett,eburdettqb@vinaora.com,Male,213.47.3.39
949,Llywellyn,Kidby,lkidbyqc@amazonaws.com,Male,66.237.228.138
950,Ramonda,Oylett,roylettqd@vkontakte.ru,Female,105.182.98.143
951,Cosimo,Holdren,choldrenqe@uiuc.edu,Male,157.204.26.205
952,Neils,McGiven,nmcgivenqf@tripadvisor.com,Male,80.180.156.106
953,Myranda,Tupp,mtuppqg@vinaora.com,Female,65.111.89.114
954,Abbot,Honnan,ahonnanqh@cdc.gov,Male,82.137.164.164
955,Giovanni,Caudle,gcaudleqi@desdev.cn,Male,142.198.22.81
956,Renate,Shawell,rshawellqj@devhub.com,Female,249.216.251.245
957,Rory,Fley,rfleyqk@flavors.me,Male,219.38.119.214
958,Hattie,Wakelam,hwakelamql@wisc.edu,Female,1.19.164.118
959,Lombard,Spyer,lspyerqm@vinaora.com,Male,79.32.231.16
960,Granthem,Balazot,gbalazotqn@mapy.cz,Male,169.219.16.152
961,Gordie,Anney,ganneyqo@arizona.edu,Male,248.58.218.60
962,Aidan,More,amoreqp@fastcompany.com,Female,252.196.123.17
963,Arvin,Bonifazio,abonifazioqq@de.vu,Male,136.198.49.33
964,Manolo,Joss,mjossqr@guardian.co.uk,Male,136.235.1.219
965,Tedmund,Philot,tphilotqs@cisco.com,Male,234.247.202.155
966,Davita,Axelbey,daxelbeyqt@parallels.com,Female,68.180.183.97
967,Kandace,Keatch,kkeatchqu@google.com,Female,165.30.2.45
968,Max,Orknay,morknayqv@pinterest.com,Male,136.202.150.9
969,Farra,Purkiss,fpurkissqw@ox.ac.uk,Female,63.154.87.86
970,Emalee,Covely,ecovelyqx@g.co,Female,163.164.34.47
971,Meier,Bellinger,mbellingerqy@facebook.com,Male,2.206.113.203
972,Johnna,Letty,jlettyqz@ycombinator.com,Female,198.218.141.90
973,Celestyn,Cremins,ccreminsr0@go.com,Female,17.23.66.212
974,Catarina,Sibthorp,csibthorpr1@webeden.co.uk,Female,12.213.51.51
975,Katherina,Vlasin,kvlasinr2@dell.com,Female,132.190.192.112
976,Clarita,Josupeit,cjosupeitr3@alexa.com,Female,37.223.52.176
977,Jule,Corradino,jcorradinor4@google.ru,Male,219.188.20.17
978,Brooke,Bruineman,bbruinemanr5@tumblr.com,Male,60.30.209.35
979,Garv,Douce,gdoucer6@goo.ne.jp,Male,41.45.42.246
980,Stirling,Wincer,swincerr7@woothemes.com,Male,236.123.82.53
981,Jolee,Cowpland,jcowplandr8@squarespace.com,Female,10.96.225.143
982,Doyle,Chastan,dchastanr9@nba.com,Male,26.120.193.33
983,Adoree,Willbraham,awillbrahamra@alibaba.com,Female,153.113.162.196
984,Thelma,Dumingo,tdumingorb@ftc.gov,Female,72.196.90.243
985,Laird,Ferrucci,lferruccirc@berkeley.edu,Male,125.218.158.224
986,Webster,McTurley,wmcturleyrd@chicagotribune.com,Male,128.172.250.139
987,Franny,Furse,ffursere@canalblog.com,Male,41.143.114.138
988,Yettie,MacTeggart,ymacteggartrf@blogs.com,Female,15.215.205.169
989,Borden,Gouldthorpe,bgouldthorperg@netlog.com,Male,145.222.22.135
990,Abba,Turfs,aturfsrh@constantcontact.com,Male,242.112.62.117
991,Cointon,Southway,csouthwayri@seesaa.net,Male,156.77.60.209
992,Carma,Soles,csolesrj@godaddy.com,Female,77.197.124.236
993,Benoit,Chisman,bchismanrk@plala.or.jp,Male,61.54.239.89
994,Caron,De Moreno,cdemorenorl@springer.com,Female,43.130.95.246
995,Madison,Townend,mtownendrm@51.la,Male,24.179.142.199
996,Robina,Sivills,rsivillsrn@livejournal.com,Female,255.120.77.37
997,Reba,Lasseter,rlasseterro@mashable.com,Female,115.51.209.34
998,Howard,Buttel,hbuttelrp@taobao.com,Male,122.69.95.59
999,Elvera,Sapir,esapirrq@abc.net.au,Female,179.132.2.64
1000,Salomi,Brickhill,sbrickhillrr@tuttocitta.it,Female,111.4.88.155
